,Actual,Predicted
0,7,9.07
1,37,41.1
2,56,61.163333333333334
3,71,53.82
4,4,16.16
5,80,91.26666666666667
6,24,44.86333333333334
7,329,263.99333333333334
8,218,220.44333333333333
9,294,307.76
10,174,197.21666666666667
11,29,20.986666666666668
12,56,141.25333333333333
13,143,99.44333333333333
14,331,371.23
15,23,50.82
16,645,411.03333333333336
17,126,122.77
18,10,13.713333333333333
19,140,163.98
20,226,138.36333333333334
21,279,182.84
22,8,11.903333333333334
23,60,116.71
24,320,288.4633333333333
25,278,251.43666666666667
26,265,237.60666666666665
27,526,424.83
28,11,7.586666666666667
29,163,369.5566666666667
30,52,34.25333333333333
31,140,251.53666666666666
32,11,17.97
33,377,293.67333333333335
34,8,7.486666666666666
35,114,135.51333333333332
36,152,190.46666666666667
37,97,93.41333333333333
38,283,315.78333333333336
39,15,14.043333333333333
40,342,495.73333333333335
41,16,108.73
42,249,336.92833333333334
43,7,6.583333333333333
44,9,13.066666666666666
45,68,100.04666666666667
46,274,335.3433333333333
47,406,245.78333333333333
48,465,464.66
49,6,8.336666666666666
50,40,72.72666666666667
51,158,194.58
52,434,269.8666666666667
53,479,363.1433333333333
54,68,35.69
55,29,78.53666666666666
56,705,584.4466666666667
57,97,84.99
58,79,93.28666666666666
59,20,27.846666666666668
60,186,294.16
61,34,36.31
62,63,60.943333333333335
63,341,329.3066666666667
64,64,117.38666666666667
65,136,149.28666666666666
66,155,133.29333333333332
67,190,502.4033333333333
68,272,316.89666666666665
69,106,134.46333333333334
70,106,143.88666666666666
71,402,294.02666666666664
72,155,144.63666666666666
73,224,249.16666666666666
74,97,72.53333333333333
75,18,18.496666666666666
76,633,528.79
77,113,136.58
78,285,509.9766666666667
79,825,746.2266666666667
80,317,224.11666666666667
81,235,297.61
82,154,164.15666666666667
83,537,705.7733333333333
84,189,118.58
85,245,337.78
86,111,160.32333333333332
87,46,28.25
88,353,207.68666666666667
89,593,448.02666666666664
90,49,73.16666666666667
91,1,4.7
92,212,154.64333333333335
93,90,121.02333333333333
94,397,362.36
95,12,9.95
96,5,9.476666666666667
97,60,61.13
98,54,50.473333333333336
99,156,188.73
100,5,6.1
101,92,246.76
102,330,425.2866666666667
103,89,122.31
104,134,110.92
105,71,82.30666666666667
106,3,5.23
107,27,32.88
108,294,255.98666666666668
109,378,259.0833333333333
110,293,270.87666666666667
111,454,603.6866666666666
112,48,67.84666666666666
113,40,60.61333333333334
114,89,71.11666666666666
115,189,144.38666666666666
116,6,8.676666666666666
117,123,115.64333333333333
118,218,199.98166666666665
119,5,8.51
120,183,218.32
121,404,514.9633333333334
122,217,162.95333333333335
123,95,96.60333333333334
124,192,246.79444444444442
125,114,81.32333333333334
126,125,134.62666666666667
127,508,662.0133333333333
128,521,458.61333333333334
129,42,291.20666666666665
130,32,37.583333333333336
131,3,7.1
132,3,29.98
133,8,10.903333333333334
134,32,57.97
135,24,18.805
136,117,172.86
137,525,593.6
138,259,467.49
139,74,64.7
140,153,128.62
141,21,17.85333333333333
142,2,6.473333333333334
143,183,242.09666666666666
144,171,156.83333333333334
145,8,3.5966666666666667
146,7,8.74
147,504,316.23333333333335
148,5,6.943333333333333
149,33,142.81333333333333
150,101,130.00666666666666
151,219,183.20666666666668
152,153,162.59333333333333
153,322,302.9533333333333
154,703,574.7233333333334
155,138,160.43
156,4,5.41
157,21,39.71666666666667
158,81,97.28666666666666
159,47,36.446666666666665
160,203,117.75333333333333
161,411,408.7033333333333
162,88,136.64
163,276,376.4033333333333
164,49,96.03666666666666
165,72,97.67485714285715
166,5,5.083333333333333
167,707,655.5627857142856
168,98,61.1
169,76,67.84333333333333
170,7,12.003333333333334
171,120,127.79
172,367,293.6333333333333
173,282,410.01666666666665
174,243,181.38
175,311,307.01666666666665
176,179,286.72333333333336
177,254,250.71333333333334
178,36,50.11
179,16,23.75
180,97,63.54333333333334
181,77,98.57
182,250,248.64
183,425,388.06
184,8,7.306666666666667
185,193,264.92
186,11,10.803333333333333
187,105,139.32666666666665
188,123,118.32333333333334
189,6,6.74
190,119,103.8
191,7,20.08
192,189,160.51
193,61,50.45
194,12,50.663333333333334
195,49,104.71666666666667
196,175,208.15
197,99,101.10111111111111
198,294,351.0733333333333
199,71,102.52333333333333
200,151,119.87333333333333
201,86,104.73333333333333
202,731,451.54
203,219,191.43
204,355,429.82
205,290,240.81333333333333
206,147,130.69666666666666
207,73,93.69
208,130,147.53
209,723,552.3566666666667
210,410,473.3066666666667
211,387,51.373333333333335
212,30,33.21
213,116,222.23333333333332
214,155,166.42333333333335
215,219,241.30333333333334
216,89,79.66333333333333
217,248,215.30333333333334
218,37,32.39
219,106,140.61
220,144,141.4
221,308,228.89666666666668
222,4,5.554380952380952
223,412,352.99
224,217,260.28
225,32,49.79666666666667
226,24,24.213333333333335
227,4,6.423333333333333
228,81,102.28333333333333
229,4,7.263333333333334
230,684,606.2666666666667
231,91,70.11
232,436,558.1066666666667
233,127,161.03
234,220,217.01
235,31,119.49
236,339,544.57
237,187,133.77666666666667
238,16,34.57666666666667
239,281,198.49333333333334
240,425,313.37
241,40,30.456666666666667
242,36,52.85666666666667
243,564,387.06
244,207,245.42
245,161,84.28333333333333
246,5,2.89
247,586,518.063888888889
248,120,116.77666666666667
249,43,42.75
250,783,705.77
251,129,95.88333333333334
252,117,117.87
253,332,253.24
254,313,423.79333333333335
255,23,28.75
256,12,9.087222222222222
257,282,261.88666666666666
258,197,351.13
259,724,513.1666666666666
260,228,364.8233333333333
261,119,77.61666666666666
262,239,242.48666666666668
263,136,149.82
264,233,398.81
265,255,294.03
266,6,4.43
267,122,129.02666666666667
268,168,200.56666666666666
269,8,6.06
270,11,10.583333333333334
271,353,339.97
272,184,160.07
273,338,291.3333333333333
274,357,425.57666666666665
275,155,204.17
276,601,780.84
277,218,254.29333333333332
278,50,34.763333333333335
279,45,116.36666666666666
280,11,23.346833333333333
281,194,226.45
282,190,236.46666666666667
283,45,39.126666666666665
284,8,7.51
285,106,113.75333333333333
286,365,251.87
287,157,177.75333333333333
288,113,161.05666666666667
289,216,220.40666666666667
290,93,96.59666666666666
291,162,148.87
292,271,258.45
293,13,41.236666666666665
294,963,774.0933333333334
295,24,24.14
296,492,472.68333333333334
297,122,150.36
298,79,133.57333333333332
299,7,6.126666666666667
300,106,110.29333333333334
301,681,597.0966666666667
302,491,298.1066666666667
303,13,12.28
304,44,39.19
305,428,359.92
306,130,182.93666666666667
307,5,3.9566666666666666
308,230,200.10333333333332
309,522,461.31333333333333
310,7,19.45
311,117,209.30333333333334
312,353,323.36333333333334
313,127,178.02333333333334
314,479,326.85333333333335
315,28,30.453333333333333
316,20,14.536666666666667
317,151,153.87
318,236,235.06666666666666
319,8,13.853333333333333
320,92,106.52333333333333
321,680,636.1333333333333
322,102,168.02333333333334
323,142,259.31333333333333
324,134,185.4
325,446,318.24
326,2,4.11
327,2,4.166666666666667
328,310,363.36333333333334
329,9,7.306666666666667
330,146,146.61666666666667
331,98,119.42666666666666
332,314,361.69
333,293,346.9166666666667
334,268,280.2266666666667
335,240,232.23
336,247,221.13666666666666
337,215,195.63666666666666
338,274,192.54333333333332
339,164,231.52333333333334
340,233,171.62333333333333
341,90,70.01666666666667
342,135,182.30055555555558
343,150,207.29
344,216,179.07333333333332
345,340,435.97
346,443,468.58666666666664
347,142,123.49
348,57,38.29666666666667
349,454,460.0833333333333
350,342,218.1
351,28,33.333333333333336
352,78,60.18666666666667
353,184,237.19666666666666
354,315,349.07666666666665
355,166,195.66666666666666
356,64,49.41
357,99,92.05
358,11,23.373333333333335
359,16,17.596666666666668
360,121,96.4275
361,20,25.216666666666665
362,285,227.69666666666666
363,457,571.9916666666667
364,98,131.06
365,591,742.25
366,276,227.38333333333333
367,41,167.48
368,86,135.39916666666667
369,234,240.48666666666668
370,254,221.09
371,141,183.32666666666665
372,237,262.25
373,185,284.72333333333336
374,235,133.63666666666666
375,380,354.86333333333334
376,356,356.51666666666665
377,65,99.42333333333333
378,74,87.71333333333334
379,341,338.63666666666666
380,204,202.18333333333334
381,81,111.22333333333333
382,28,29.233333333333334
383,164,109.54666666666667
384,172,179.11333333333334
385,86,71.35333333333334
386,635,555.2466666666667
387,808,587.6233333333333
388,111,61.63
389,202,184.15333333333334
390,189,139.98333333333332
391,406,429.39666666666665
392,435,437.49666666666667
393,63,55.49333333333333
394,17,44.37
395,41,23.096666666666668
396,27,86.69333333333333
397,91,122.55333333333333
398,84,67.48666666666666
399,280,267.8
400,31,25.106666666666666
401,262,239.24666666666667
402,132,101.50333333333333
403,1,1.95
404,175,229.63333333333333
405,425,424.3333333333333
406,53,37.68666666666667
407,10,24.13
408,181,101.70666666666666
409,167,151.79666666666665
410,118,129.93333333333334
411,144,158.22333333333333
412,1,2.52
413,148,252.1
414,449,463.79
415,30,140.32333333333332
416,224,244.15666666666667
417,13,11.52
418,34,42.56
419,196,194.91666666666666
420,9,3.6133333333333333
421,9,8.703333333333333
422,19,138.05
423,246,203.26333333333332
424,117,135.96666666666667
425,382,619.19
426,26,47.29666666666667
427,37,91.08666666666667
428,4,10.343333333333334
429,110,86.96666666666667
430,13,12.773333333333333
431,86,134.17333333333335
432,17,20.08
433,189,166.8
434,553,383.06666666666666
435,182,391.5833333333333
436,369,427.4
437,238,342.52666666666664
438,516,554.69
439,5,5.003888888888889
440,3,12.233333333333333
441,183,155.86
442,60,39.3
443,73,152.28333333333333
444,516,702.4966666666667
445,269,349.2133333333333
446,2,20.496666666666666
447,27,35.19
448,45,41.24333333333333
449,358,346.70666666666665
450,156,151.11666666666667
451,92,70.41333333333333
452,156,111.2321904761905
453,438,385.4344444444444
454,339,424.75
455,56,77.37333333333333
456,181,265.3933333333333
457,153,271.74666666666667
458,453,502.3333333333333
459,10,41.39
460,59,105.93666666666667
461,334,247.14666666666668
462,117,125.27666666666667
463,491,489.45666666666665
464,6,8.383333333333333
465,6,11.433333333333334
466,89,118.84333333333333
467,124,85.88666666666667
468,76,51.943333333333335
469,5,6.17
470,483,483.7
471,231,172.62
472,24,28.113333333333333
473,154,159.63666666666666
474,165,249.53666666666666
475,2,16.766666666666666
476,179,92.94
477,163,198.90333333333334
478,273,251.18
479,222,171.65
480,130,163.70333333333335
481,136,80.09333333333333
482,248,152.13333333333333
483,8,8.963333333333333
484,40,74.13
485,18,20.626666666666665
486,662,442.47
487,322,218.09666666666666
488,451,562.51
489,13,23.946666666666665
490,192,138.37866666666667
491,4,4.726666666666667
492,73,49.55
493,513,398.5833333333333
494,170,199.29666666666665
495,170,181.68333333333334
496,198,165.08666666666667
497,82,60.92333333333333
498,10,6.206666666666667
499,29,16.376666666666665
500,92,95.62
501,4,2.6966666666666668
502,280,249.61
503,472,473.97
504,111,173.03666666666666
505,331,264.15
506,72,160.01666666666668
507,536,426.0933333333333
508,217,221.28
509,19,22.116666666666667
510,97,90.4
511,145,155.26666666666668
512,189,243.33
513,7,7.017777777777778
514,40,69.63
515,54,82.23666666666666
516,75,72.75333333333333
517,51,69.09333333333333
518,571,720.12
519,468,613.06
520,62,68.74333333333334
521,454,492.49666666666667
522,34,61.52
523,245,271.4533333333333
524,66,79.21
525,269,321.8933333333333
526,193,190.72333333333333
527,2,5.06
528,270,239.15
529,169,214.82
530,304,430.1433333333333
531,12,11.066666666666666
532,67,85.16333333333333
533,8,6.446666666666666
534,180,152.19666666666666
535,100,141.66
536,357,220.37333333333333
537,40,24.69333333333333
538,2,4.783333333333333
539,3,6.406880952380952
540,22,37.276666666666664
541,75,112.19
542,99,128.36666666666667
543,44,41.78333333333333
544,147,139.31666666666666
545,256,171.94
546,133,165.27333333333334
547,29,32.87
548,123,114.29333333333334
549,190,181.46
550,793,645.8433333333334
551,16,24.916666666666668
552,605,491.79333333333335
553,3,3.3466666666666667
554,446,368.9033333333333
555,235,215.08333333333334
556,18,6.243333333333333
557,124,194.59333333333333
558,212,199.30666666666667
559,32,29.3
560,21,33.19
561,319,287.0133333333333
562,372,129.89666666666668
563,593,392.09
564,612,473.8433333333333
565,5,2.703333333333333
566,99,129.66333333333333
567,101,99.31333333333333
568,36,52.2
569,489,417.69
570,254,185.94666666666666
571,128,103.95
572,76,155.13
573,260,264.28
574,187,282.2
575,242,171.30666666666667
576,174,192.22666666666666
577,534,467.9
578,56,53.413333333333334
579,3,2.3933333333333335
580,6,6.6433333333333335
581,425,595.6366666666667
582,402,360.76
583,404,516.9433333333334
584,16,40.01
585,8,6.016666666666667
586,162,113.12
587,9,19.13
588,12,5.3133333333333335
589,7,7.343333333333334
590,278,286.89666666666665
591,37,178.09666666666666
592,432,310.99
593,106,140.21333333333334
594,21,51.18666666666667
595,5,7.57
596,119,100.41
597,505,451.93
598,199,247.88666666666666
599,2,30.986666666666668
600,340,220.06333333333333
601,94,138.89
602,40,41.7
603,660,538.5633333333334
604,190,208.20333333333335
605,45,36.14
606,2,5.036666666666667
607,218,282.02
608,205,165.86666666666667
609,72,95.75666666666666
610,364,446.9166666666667
611,311,317.71666666666664
612,17,8.923333333333334
613,139,230.64
614,150,179.07666666666665
615,204,207.00333333333333
616,491,253.51333333333332
617,487,572.745
618,40,77.30333333333333
619,177,200.68
620,268,300.3933333333333
621,56,54.24
622,17,38.95
623,254,343.8466666666667
624,59,32.25
625,274,250.07333333333332
626,601,543.0333333333333
627,143,210.04
628,203,306.97
629,238,221.65333333333334
630,62,122.64
631,183,214.17666666666668
632,206,149.14
633,166,143.91
634,573,473.00666666666666
635,102,97.97333333333333
636,5,7.48
637,12,10.093333333333334
638,88,112.79
639,115,133.98333333333332
640,187,110.54666666666667
641,28,17.966666666666665
642,480,350.58
643,80,88.92333333333333
644,283,38.763333333333335
645,332,278.38
646,52,79.55666666666667
647,64,85.81
648,75,60.17666666666667
649,7,10.31
650,663,509.24666666666667
651,489,400.80333333333334
652,284,387.44
653,596,543.2633333333333
654,69,77.78333333333333
655,113,145.57333333333332
656,99,154.13
657,22,56.36333333333334
658,88,216.44
659,7,10.933333333333334
660,42,29.933333333333334
661,258,289.71666666666664
662,43,60.16
663,179,191.78333333333333
664,132,199.58333333333334
665,342,541.27
666,28,44.95333333333333
667,2,4.273333333333333
668,202,235.00666666666666
669,24,41.32333333333333
670,19,22.243333333333332
671,180,175.41
672,181,184.05333333333334
673,131,184.64
674,129,109.87
675,186,179.12
676,28,73.88666666666667
677,153,112.89333333333333
678,123,152.34666666666666
679,285,242.55333333333334
680,80,68.40333333333334
681,68,72.98166666666667
682,120,80.5
683,16,36.36666666666667
684,325,315.51
685,6,9.086666666666666
686,247,298.86333333333334
687,489,368.2966666666667
688,159,128.12
689,353,392.2733333333333
690,4,6.1033333333333335
691,313,468.78
692,801,610.6533333333333
693,2,9.113333333333333
694,284,176.41333333333333
695,169,162.70666666666668
696,238,328.87
697,21,4.056666666666667
698,353,431.87
699,176,264.79
700,313,225.95333333333335
701,147,125.29
702,555,597.1133333333333
703,23,30.52
704,357,263.2133333333333
705,626,509.38666666666666
706,14,14.443333333333333
707,50,61.49333333333333
708,59,176.19333333333333
709,198,188.04333333333332
710,471,389.55333333333334
711,3,5.343333333333334
712,37,48.14333333333333
713,192,268.3066666666667
714,362,330.8833333333333
715,374,394.74666666666667
716,118,118.09333333333333
717,228,267.85
718,183,159.74666666666667
719,4,19.303333333333335
720,524,645.1466666666666
721,28,46.88666666666666
722,16,65.19333333333333
723,343,236.76666666666668
724,31,28.10333333333333
725,6,5.226666666666667
726,28,48.873333333333335
727,827,757.0333333333333
728,10,6.1466666666666665
729,9,18.613333333333333
730,428,649.7733333333333
731,18,52.406666666666666
732,382,430.30333333333334
733,531,457.9066666666667
734,156,207.76333333333332
735,48,58.193333333333335
736,24,34.56
737,3,4.766666666666667
738,432,522.9566666666667
739,68,151.10333333333332
740,410,327.22333333333336
741,588,464.3066666666667
742,453,608.9166666666666
743,77,127.30333333333333
744,500,504.42
745,154,154.09666666666666
746,148,189.96333333333334
747,53,59.53666666666667
748,451,319.39666666666665
749,558,405.78333333333336
750,11,6.213333333333333
751,14,50.11333333333334
752,454,379.89666666666665
753,3,5.923333333333333
754,59,101.96333333333334
755,12,17.096666666666668
756,161,192.83666666666667
757,66,215.85
758,433,316.56333333333333
759,24,47.916666666666664
760,278,229.24666666666667
761,118,175.55
762,705,696.3233333333334
763,82,129.02
764,161,125.03666666666666
765,333,253.37333333333333
766,70,107.03333333333333
767,291,319.51666666666665
768,249,174.34666666666666
769,17,32.846666666666664
770,8,6.1466666666666665
771,256,207.99
772,142,249.26666666666668
773,681,742.8533333333334
774,400,350.6666666666667
775,337,431.1933333333333
776,432,489.9866666666667
777,320,362.94
778,475,386.85333333333335
779,724,566.1966666666667
780,203,221.84666666666666
781,201,229.25333333333333
782,2,3.6666666666666665
783,43,50.306666666666665
784,21,15.65
785,314,274.11333333333334
786,362,377.21
787,26,19.886666666666667
788,252,284.81333333333333
789,206,126.68
790,900,707.27
791,157,221.51333333333332
792,90,85.10666666666667
793,251,198.84
794,110,140.78666666666666
795,268,238.2
796,48,90.18
797,13,20.273333333333333
798,11,8.95
799,50,99.85
800,98,110.93333333333334
801,516,368.37666666666667
802,202,275.42333333333335
803,3,16.4
804,8,8.013333333333334
805,817,583.15
806,166,223.43333333333334
807,6,7.553333333333334
808,11,4.8
809,41,84.96666666666667
810,105,167.76
811,23,39.39666666666667
812,322,438.4166666666667
813,164,123.68666666666667
814,856,621.8966666666666
815,412,522.6966666666667
816,142,194.59
817,64,68.78666666666666
818,113,177.64666666666668
819,7,23.453333333333333
820,197,160.30333333333334
821,47,22.756666666666668
822,193,199.14666666666668
823,289,339.7966666666667
824,16,24.236666666666668
825,189,250.03333333333333
826,290,377.42
827,73,94.52666666666667
828,389,287.64666666666665
829,92,69.98666666666666
830,193,236.70333333333335
831,192,235.36666666666667
832,458,277.2
833,76,35.526666666666664
834,101,169.81
835,2,6.43
836,41,47.056666666666665
837,184,153.16666666666666
838,76,118.44
839,54,69.03333333333333
840,30,36.63
841,280,191.02666666666667
842,4,2.8533333333333335
843,29,73.03016666666666
844,420,408.39666666666665
845,486,416.2633333333333
846,258,241.65666666666667
847,16,9.023333333333333
848,69,77.65333333333334
849,12,122.01333333333334
850,217,339.8066666666667
851,35,44.85666666666667
852,2,6.1466666666666665
853,32,31.106666666666666
854,9,10.363333333333333
855,483,389.1333333333333
856,18,32.166666666666664
857,7,4.993333333333333
858,7,7.131111111111111
859,222,206.99666666666667
860,7,8.216666666666667
861,170,147.82
862,373,406.9166666666667
863,244,201.37666666666667
864,137,155.28333333333333
865,410,424.9
866,66,68.79666666666667
867,13,15.77
868,245,194.12666666666667
869,124,173.7
870,285,206.08333333333334
871,87,132.99
872,210,340.0466666666667
873,8,29.706666666666667
874,138,117.42
875,188,159.71666666666667
876,309,265.28333333333336
877,493,312.6766666666667
878,147,177.41
879,146,155.41333333333333
880,158,218.82333333333332
881,232,177.47
882,90,140.68666666666667
883,2,5.14
884,729,517.5022222222221
885,129,160.27666666666667
886,56,74.02666666666667
887,382,431.8833333333333
888,218,253.19
889,343,337.7966666666667
890,722,662.9933333333333
891,651,245.37
892,266,325.03
893,66,68.03
894,601,243.92
895,493,374.2733333333333
896,255,223.44066666666666
897,396,265.80333333333334
898,420,316.0233333333333
899,126,207.59333333333333
900,4,9.2
901,296,234.41666666666666
902,190,234.83333333333334
903,38,149.83666666666667
904,670,465.32666666666665
905,78,80.22666666666667
906,214,257.33
907,4,4.76
908,383,350.25666666666666
909,56,117.15666666666667
910,29,40.42333333333333
911,1,2.4
912,46,42.11666666666667
913,99,409.1166666666667
914,200,216.84
915,111,63.99
916,141,198.27666666666667
917,494,446.64666666666665
918,86,146.76666666666668
919,571,470.96666666666664
920,211,128.95666666666668
921,1,11.476666666666667
922,305,220.94
923,7,22.656666666666666
924,566,320.67333333333335
925,11,18.346666666666668
926,192,131.05666666666667
927,178,105.45666666666666
928,251,224.90333333333334
929,525,435.9433333333333
930,738,465.8666666666667
931,94,69.09
932,1,3.24
933,11,60.85333333333333
934,200,189.51333333333332
935,317,396.98333333333335
936,154,139.90333333333334
937,12,13.683333333333334
938,89,110.19
939,397,506.56
940,21,19.32
941,263,222.15666666666667
942,399,331.00666666666666
943,159,125.83333333333333
944,313,182.39333333333335
945,132,161.96
946,172,160.67333333333335
947,4,19.923333333333332
948,402,436.4766666666667
949,25,33.97
950,9,14.513333333333334
951,61,87.36666666666666
952,175,222.16
953,226,226.92333333333335
954,359,331.21666666666664
955,12,8.34
956,2,5.653333333333333
957,36,49.24333333333333
958,148,177.93333333333334
959,131,152.41333333333333
960,145,126.00666666666666
961,621,352.4266666666667
962,260,199.51111111111112
963,233,211.94
964,50,36.32666666666667
965,147,117.19666666666667
966,323,380.87
967,238,227.57666666666665
968,4,5.126666666666667
969,86,99.92333333333333
970,25,26.656666666666666
971,269,177.42333333333335
972,181,172.32666666666665
973,244,347.8433333333333
974,108,182.34555555555553
975,202,203.77333333333334
976,45,182.61666666666667
977,517,383.84
978,12,15.596666666666666
979,6,10.593333333333334
980,86,112.49
981,572,700.7433333333333
982,452,417.4
983,21,26.313333333333333
984,162,157.21
985,5,6.6866666666666665
986,264,294.0833333333333
987,155,146.56
988,179,246.43666666666667
989,125,193.57333333333332
990,6,25.09
991,536,379.81333333333333
992,26,25.966666666666665
993,395,265.98
994,222,325.4533333333333
995,539,385.87666666666667
996,414,282.64666666666665
997,425,392.74333333333334
998,4,7.11
999,121,149.64666666666668
1000,679,509.53333333333336
1001,30,31.526666666666667
1002,322,440.2266666666667
1003,97,185.80666666666667
1004,280,347.70666666666665
1005,6,8.746666666666666
1006,55,54.916666666666664
1007,221,163.95
1008,27,46.07
1009,234,253.47333333333333
1010,54,65.65333333333334
1011,69,89.83333333333333
1012,20,28.526666666666667
1013,337,262.35
1014,424,281.4633333333333
1015,233,157.40666666666667
1016,85,134.65
1017,259,723.7833333333333
1018,31,33.303333333333335
1019,252,432.75
1020,412,362.00666666666666
1021,95,107.17333333333333
1022,19,10.186666666666667
1023,92,127.54666666666667
1024,147,175.11333333333334
1025,140,278.0233333333333
1026,60,131.83333333333334
1027,106,79.19333333333333
1028,224,324.93666666666667
1029,63,83.20666666666666
1030,2,7.873333333333333
1031,157,159.72
1032,59,110.79666666666667
1033,19,14.68
1034,390,299.93666666666667
1035,144,252.99
1036,158,228.43333333333334
1037,682,623.0066666666667
1038,157,159.31
1039,364,283.3066666666667
1040,182,166.95666666666668
1041,296,211.30333333333334
1042,845,656.1233333333333
1043,664,546.2266666666667
1044,88,123.70333333333333
1045,59,81.91333333333333
1046,4,3.513333333333333
1047,119,292.46666666666664
1048,46,39.126666666666665
1049,280,244.75
1050,4,17.62
1051,5,4.703333333333333
1052,226,235.44333333333333
1053,22,24.283333333333335
1054,318,347.5133333333333
1055,462,500.1333333333333
1056,23,19.46
1057,505,490.7633333333333
1058,487,365.54
1059,5,6.6375
1060,406,272.86333333333334
1061,417,326.18
1062,169,184.47666666666666
1063,380,418.21
1064,78,123.40666666666667
1065,211,161.77666666666667
1066,653,399.01
1067,193,109.05
1068,50,106.85666666666667
1069,328,278.49
1070,91,127.34333333333333
1071,5,17.406666666666666
1072,25,74.56333333333333
1073,203,192.19333333333333
1074,5,6.386666666666667
1075,77,138.75666666666666
1076,16,33.45666666666666
1077,16,11.45
1078,157,216.54666666666665
1079,1,6.983333333333333
1080,196,217.72666666666666
1081,19,67.21333333333334
1082,257,182.46666666666667
1083,69,79.78394444444444
1084,449,437.57
1085,12,31.816666666666666
1086,240,210.46
1087,593,540.0666666666667
1088,224,212.73666666666668
1089,269,202.85
1090,115,204.43666666666667
1091,67,66.7
1092,85,68.55666666666667
1093,282,201.93333333333334
1094,231,167.39
1095,96,65.48
1096,34,83.33666666666667
1097,401,465.60333333333335
1098,128,162.93666666666667
1099,22,39.14
1100,292,354.62
1101,128,241.56333333333333
1102,2,5.03
1103,40,42.916666666666664
1104,285,249.65666666666667
1105,32,42.85333333333333
1106,285,136.04333333333332
1107,238,318.4033333333333
1108,13,7.083333333333333
1109,69,60.24333333333333
1110,494,433.4033333333333
1111,379,256.7266666666667
1112,206,200.22
1113,5,6.57
1114,28,33.75666666666667
1115,37,43.336666666666666
1116,109,206.70666666666668
1117,32,37.973333333333336
1118,441,397.06666666666666
1119,236,221.87333333333333
1120,2,3.26
1121,640,582.87
1122,9,8.086666666666666
1123,398,345.75666666666666
1124,183,246.59333333333333
1125,549,340.33666666666664
1126,116,71.97
1127,338,316.56
1128,278,215.97
1129,69,100.65666666666667
1130,18,26.538166666666665
1131,119,131.55
1132,208,150.62
1133,565,395.01
1134,107,122.36666666666666
1135,542,254.22
1136,7,6.816666666666666
1137,185,271.14666666666665
1138,256,279.24666666666667
1139,191,177.52666666666667
1140,888,554.0166666666667
1141,14,17.61
1142,5,29.22
1143,41,122.54
1144,122,57.21666666666667
1145,526,405.96
1146,93,164.38666666666666
1147,7,6.15
1148,12,9.86
1149,191,146.42666666666668
1150,166,124.07666666666667
1151,43,28.883333333333333
1152,258,269.5733333333333
1153,208,352.22333333333336
1154,193,172.10666666666665
1155,102,90.26
1156,6,10.326666666666666
1157,13,17.053333333333335
1158,418,350.43333333333334
1159,86,81.59333333333333
1160,455,735.0366666666666
1161,232,304.56333333333333
1162,68,105.97
1163,10,5.66
1164,178,139.84666666666666
1165,106,173.5
1166,11,23.473333333333333
1167,63,73.91
1168,597,116.70333333333333
1169,119,104.87666666666667
1170,95,195.58
1171,33,51.75333333333333
1172,5,4.743333333333333
1173,33,29.286666666666665
1174,226,340.2
1175,220,286.75333333333333
1176,73,64.34333333333333
1177,47,65.60666666666667
1178,94,82.34666666666666
1179,655,603.0966666666667
1180,43,165.8
1181,36,31.94
1182,90,57.373333333333335
1183,164,138.22333333333333
1184,188,134.57666666666665
1185,33,57.50666666666667
1186,205,215.95666666666668
1187,4,2.9033333333333333
1188,2,1.75
1189,251,415.31666666666666
1190,21,22.243333333333332
1191,7,31.176666666666666
1192,214,171.27666666666667
1193,12,7.923333333333333
1194,140,213.73333333333332
1195,5,2.6566666666666667
1196,33,18.02
1197,10,11.456666666666667
1198,94,143.14
1199,667,690.5733333333334
1200,24,21.25
1201,354,370.0133333333333
1202,196,299.8933333333333
1203,561,515.0833333333334
1204,277,294.43
1205,171,212.09333333333333
1206,236,251.37666666666667
1207,10,12.573333333333334
1208,282,229.71333333333334
1209,104,158.63333333333333
1210,152,193.13333333333333
1211,178,217.34666666666666
1212,491,431.1766666666667
1213,33,37.17
1214,118,105.3
1215,691,642.87
1216,177,102.60333333333334
1217,277,302.2266666666667
1218,188,198.47666666666666
1219,313,259.1766666666667
1220,303,250.73666666666668
1221,172,144.42666666666668
1222,511,408.68
1223,139,181.99666666666667
1224,378,552.4066666666666
1225,278,205.81333333333333
1226,29,50.556666666666665
1227,140,115.01333333333334
1228,795,739.0533333333333
1229,9,6.9
1230,89,109.27
1231,298,267.54333333333335
1232,270,226.28333333333333
1233,57,119.24
1234,48,48.17666666666667
1235,4,8.936666666666667
1236,348,393.9
1237,61,56.44
1238,42,59.306666666666665
1239,62,102.24333333333334
1240,6,18.666666666666668
1241,11,67.06333333333333
1242,253,235.72
1243,28,19.223333333333333
1244,47,50.46666666666667
1245,139,247.32333333333332
1246,63,106.29666666666667
1247,16,31.966666666666665
1248,691,566.1066666666667
1249,428,537.7133333333334
1250,75,130.56666666666666
1251,1,2.66
1252,414,399.11
1253,299,377.0933333333333
1254,7,10.82
1255,169,188.02333333333334
1256,225,203.39666666666668
1257,108,170.07666666666665
1258,111,160.15
1259,664,524.31
1260,16,7.716666666666667
1261,5,149.47666666666666
1262,20,22.27
1263,120,149.76333333333332
1264,51,225.80755555555555
1265,123,138.42666666666668
1266,194,125.36666666666666
1267,385,235.16
1268,296,263.21666666666664
1269,64,46.25666666666667
1270,227,304.96666666666664
1271,23,25.546666666666667
1272,143,213.20333333333335
1273,29,26.15
1274,83,100.78
1275,103,128.13666666666666
1276,230,223.60333333333332
1277,234,300.6533333333333
1278,32,37.42
1279,142,156.36
1280,387,457.69666666666666
1281,327,255.75666666666666
1282,129,127.88
1283,559,535.1566666666666
1284,343,433.62333333333333
1285,176,137.27666666666667
1286,85,91.58666666666667
1287,36,55.21666666666667
1288,298,539.0266666666666
1289,250,176.47666666666666
1290,138,205.77666666666667
1291,556,650.64
1292,737,508.7266666666667
1293,104,112.52666666666667
1294,3,3.776666666666667
1295,446,408.8833333333333
1296,382,479.5966666666667
1297,153,176.66666666666666
1298,319,391.97
1299,133,200.71666666666667
1300,6,4.333333333333333
1301,363,294.91
1302,178,246.05333333333334
1303,143,90.31333333333333
1304,408,391.9533333333333
1305,20,29.356666666666666
1306,296,279.3666666666667
1307,515,432.06
1308,391,460.01666666666665
1309,240,256.1766666666667
1310,583,562.4533333333334
1311,10,15.548333333333334
1312,25,29.0
1313,20,15.063333333333333
1314,27,66.78666666666666
1315,396,325.5
1316,566,337.75
1317,135,218.28
1318,221,301.44
1319,39,38.35666666666667
1320,96,111.94333333333333
1321,194,208.74666666666667
1322,121,143.0
1323,20,47.24
1324,156,132.03333333333333
1325,141,218.96666666666667
1326,179,187.76333333333332
1327,369,384.16
1328,150,199.20333333333335
1329,16,47.57666666666667
1330,8,5.806666666666667
1331,23,22.371666666666666
1332,233,242.15
1333,335,271.79
1334,232,219.60666666666665
1335,442,501.05333333333334
1336,133,90.73666666666666
1337,296,216.37
1338,153,112.28
1339,19,27.403333333333332
1340,40,57.153333333333336
1341,479,286.18
1342,790,700.37
1343,94,78.45333333333333
1344,207,247.49666666666667
1345,185,157.61333333333334
1346,6,6.93
1347,13,60.89
1348,125,158.10666666666665
1349,174,142.02666666666667
1350,366,350.35
1351,428,479.54333333333335
1352,668,654.7976111111111
1353,20,19.996666666666666
1354,450,451.25
1355,236,236.15333333333334
1356,346,483.33666666666664
1357,308,282.64666666666665
1358,362,218.34333333333333
1359,5,4.416666666666667
1360,459,533.3433333333334
1361,232,425.24
1362,236,323.86
1363,386,290.22
1364,3,3.64
1365,13,23.55
1366,69,117.88333333333334
1367,64,117.96666666666667
1368,209,234.20666666666668
1369,203,208.78666666666666
1370,195,145.98666666666668
1371,871,809.9166666666666
1372,251,298.5366666666667
1373,38,29.596666666666668
1374,455,581.0833333333334
1375,66,34.96333333333333
1376,276,225.64
1377,27,31.61
1378,25,14.56
1379,93,79.34
1380,102,130.80333333333334
1381,517,564.5633333333334
1382,93,169.01666666666668
1383,60,77.82333333333334
1384,94,124.47666666666667
1385,11,8.556666666666667
1386,5,5.926666666666667
1387,347,361.97333333333336
1388,496,676.97
1389,40,31.383333333333333
1390,126,123.31
1391,744,642.28
1392,181,181.8322222222222
1393,185,238.36
1394,686,581.65
1395,257,249.13333333333333
1396,39,97.89
1397,308,315.85
1398,157,112.43
1399,491,428.8466666666667
1400,287,297.4433333333333
1401,13,18.23
1402,204,191.23666666666668
1403,1,2.453333333333333
1404,13,24.926666666666666
1405,254,150.13333333333333
1406,310,346.78
1407,463,425.18
1408,233,193.93
1409,65,91.55666666666667
1410,84,100.49333333333334
1411,492,419.5733333333333
1412,331,457.7966666666667
1413,349,502.27
1414,278,259.91333333333336
1415,149,186.27333333333334
1416,188,205.19666666666666
1417,53,50.69
1418,405,452.1166666666667
1419,162,184.39666666666668
1420,332,243.76
1421,98,201.62555555555556
1422,581,497.43666666666667
1423,6,5.29
1424,275,243.97666666666666
1425,175,196.41333333333333
1426,459,453.82255555555554
1427,21,31.143333333333334
1428,135,284.66333333333336
1429,170,182.56666666666666
1430,130,155.6
1431,233,320.05
1432,16,12.36
1433,2,3.53
1434,233,232.67333333333335
1435,8,9.95
1436,365,514.5166666666667
1437,295,220.36666666666667
1438,96,128.23333333333332
1439,272,272.72
1440,235,207.89666666666668
1441,138,120.31666666666666
1442,44,47.24
1443,581,286.1
1444,261,231.32666666666665
1445,29,31.053333333333335
1446,360,338.11
1447,367,310.0833333333333
1448,318,377.50333333333333
1449,70,58.45
1450,82,180.63666666666666
1451,172,198.88666666666666
1452,57,84.85333333333334
1453,187,187.93333333333334
1454,288,292.33666666666664
1455,69,67.37
1456,26,23.513333333333332
1457,60,39.08
1458,98,143.65333333333334
1459,55,119.96333333333334
1460,107,171.26
1461,137,124.87333333333333
1462,307,230.22666666666666
1463,141,172.6
1464,312,256.1333333333333
1465,276,193.98
1466,358,347.00333333333333
1467,26,18.685
1468,237,414.8833333333333
1469,56,33.693333333333335
1470,129,234.97
1471,4,8.546666666666667
1472,241,206.51666666666668
1473,19,13.7
1474,235,127.9
1475,258,323.92333333333335
1476,27,48.44
1477,243,189.15666666666667
1478,31,40.37
1479,1,3.1866666666666665
1480,13,11.646666666666667
1481,228,275.6333333333333
1482,5,31.14666666666667
1483,289,198.18
1484,34,46.266666666666666
1485,220,128.44333333333333
1486,32,68.19333333333333
1487,249,230.28333333333333
1488,57,55.02
1489,1,6.135
1490,253,184.52
1491,4,12.423333333333334
1492,21,23.526666666666667
1493,441,400.0966666666667
1494,169,219.98
1495,232,226.54333333333332
1496,251,233.34666666666666
1497,413,403.95
1498,304,286.9
1499,418,362.86
1500,367,245.55666666666667
1501,444,391.3933333333333
1502,76,70.17666666666666
1503,17,11.053333333333333
1504,457,295.0233333333333
1505,23,13.593333333333334
1506,5,9.293333333333333
1507,464,609.6766666666666
1508,15,44.36333333333334
1509,23,63.60333333333333
1510,135,139.82
1511,373,281.72333333333336
1512,87,96.49333333333334
1513,358,412.6566666666667
1514,30,28.573333333333334
1515,72,77.74333333333334
1516,336,315.9166666666667
1517,170,111.46333333333334
1518,89,67.42
1519,91,177.93666666666667
1520,795,556.5566666666666
1521,67,98.32666666666667
1522,82,116.57666666666667
1523,70,138.49
1524,151,103.57666666666667
1525,234,280.49666666666667
1526,421,228.04
1527,515,421.42
1528,2,6.57
1529,194,118.35
1530,172,188.79333333333332
1531,7,15.896666666666667
1532,297,234.05333333333334
1533,10,10.223333333333333
1534,27,30.203333333333333
1535,209,281.5133333333333
1536,5,9.893333333333333
1537,137,209.32666666666665
1538,447,336.6666666666667
1539,24,17.123333333333335
1540,398,332.5366666666667
1541,153,100.37
1542,25,29.976666666666667
1543,188,211.39333333333335
1544,133,120.62666666666667
1545,47,40.08
1546,128,158.85666666666665
1547,107,146.42333333333335
1548,370,496.2866666666667
1549,129,124.21
1550,463,390.29
1551,156,313.8933333333333
1552,418,476.5733333333333
1553,139,124.01333333333334
1554,166,94.75
1555,282,319.66
1556,55,143.12666666666667
1557,306,352.21
1558,106,85.21
1559,34,62.70666666666666
1560,70,163.27666666666667
1561,24,54.656666666666666
1562,23,51.97666666666667
1563,131,104.71
1564,26,27.106666666666666
1565,282,217.16666666666666
1566,13,71.62
1567,96,95.82
1568,166,225.92666666666668
1569,5,5.183333333333334
1570,52,81.77666666666667
1571,331,243.63
1572,88,103.24666666666667
1573,114,114.13333333333334
1574,77,81.11333333333333
1575,167,133.09333333333333
1576,72,219.04666666666665
1577,184,181.44333333333333
1578,428,464.18
1579,15,11.676666666666666
1580,355,283.37
1581,210,162.96666666666667
1582,77,100.48333333333333
1583,211,188.62333333333333
1584,8,11.523333333333333
1585,513,642.5633333333334
1586,25,34.06666666666667
1587,217,260.8666666666667
1588,402,536.9166666666666
1589,30,38.99666666666667
1590,3,7.99
1591,556,640.79
1592,87,78.46
1593,525,669.5966666666667
1594,507,388.88666666666666
1595,730,581.4333333333333
1596,155,252.12333333333333
1597,69,79.31333333333333
1598,35,31.683333333333334
1599,444,564.5233333333333
1600,494,314.1766666666667
1601,190,163.21666666666667
1602,207,282.87666666666667
1603,46,77.29166666666667
1604,497,386.43666666666667
1605,64,46.60333333333333
1606,1,3.25
1607,23,24.156666666666666
1608,1,1.8733333333333333
1609,46,101.95
1610,44,45.156666666666666
1611,295,268.2
1612,22,24.74
1613,87,181.17
1614,207,238.95333333333335
1615,163,118.51
1616,402,494.66
1617,148,134.16
1618,189,269.5133333333333
1619,217,272.25
1620,13,6.443333333333333
1621,115,125.78666666666666
1622,57,30.58
1623,166,182.25644444444444
1624,6,29.243333333333332
1625,63,107.64333333333333
1626,411,394.96666666666664
1627,283,280.55333333333334
1628,171,179.52
1629,318,234.58333333333334
1630,103,103.44666666666667
1631,105,77.21666666666667
1632,167,230.69666666666666
1633,383,405.2033333333333
1634,178,226.35
1635,310,258.87
1636,138,115.58666666666667
1637,146,75.05
1638,34,24.80666666666667
1639,175,201.29333333333332
1640,123,146.36333333333334
1641,620,664.4133333333333
1642,263,174.26333333333332
1643,171,172.16666666666666
1644,184,219.88
1645,549,481.0966666666667
1646,398,409.9633333333333
1647,163,131.38
1648,229,264.92
1649,272,200.6
1650,263,243.91333333333333
1651,157,140.63333333333333
1652,49,44.78
1653,197,164.70333333333335
1654,18,14.433333333333334
1655,502,490.13666666666666
1656,99,130.16333333333333
1657,27,33.36666666666667
1658,16,12.376666666666667
1659,332,301.96
1660,508,486.81666666666666
1661,257,214.31
1662,7,5.693333333333333
1663,120,64.15
1664,230,291.75666666666666
1665,467,391.7733333333333
1666,13,16.383333333333333
1667,167,111.78333333333333
1668,50,29.156666666666666
1669,24,49.53
1670,7,7.046666666666667
1671,157,151.41333333333333
1672,159,183.34666666666666
1673,6,10.8
1674,26,43.74333333333333
1675,199,293.72333333333336
1676,463,330.67333333333335
1677,31,32.6
1678,92,68.86666666666666
1679,190,179.92
1680,153,131.67333333333335
1681,25,39.803333333333335
1682,261,159.12666666666667
1683,337,324.54333333333335
1684,104,247.61333333333334
1685,26,69.80666666666667
1686,100,99.70666666666666
1687,444,416.83666666666664
1688,5,7.9366666666666665
1689,175,157.62
1690,203,194.7
1691,167,89.88333333333334
1692,281,413.58
1693,362,582.43
1694,348,198.51
1695,252,356.6766666666667
1696,59,127.56
1697,452,330.50666666666666
1698,8,12.326666666666666
1699,953,673.4466666666667
1700,362,447.41333333333336
1701,4,7.066666666666666
1702,165,242.21666666666667
1703,339,377.1933333333333
1704,154,192.98333333333332
1705,7,49.70666666666666
1706,43,28.033333333333335
1707,330,418.5233333333333
1708,58,45.766666666666666
1709,43,87.97
1710,176,180.37
1711,320,357.1766666666667
1712,93,54.9
1713,67,51.693333333333335
1714,243,224.61666666666667
1715,198,203.14
1716,243,436.2033333333333
1717,17,8.426666666666666
1718,49,79.08333333333333
1719,109,144.39333333333335
1720,12,12.426666666666666
1721,180,240.09
1722,124,86.92666666666666
1723,257,209.07666666666665
1724,175,184.34
1725,502,433.1766666666667
1726,10,38.72
1727,179,230.96666666666667
1728,5,7.846666666666667
1729,844,806.68
1730,462,455.62666666666667
1731,137,174.47
1732,75,79.8
1733,324,490.03333333333336
1734,134,159.57
1735,153,407.5466666666667
1736,106,75.21666666666667
1737,4,6.0
1738,62,75.36666666666666
1739,40,27.84
1740,100,116.34333333333333
1741,157,278.41333333333336
1742,51,80.69666666666667
1743,625,656.49
1744,138,112.34666666666666
1745,420,397.1066666666667
1746,281,218.58333333333334
1747,15,18.273333333333333
1748,234,244.76666666666668
1749,228,263.80333333333334
1750,108,212.5
1751,168,154.79
1752,115,127.75
1753,105,88.12333333333333
1754,257,160.64666666666668
1755,249,170.30666666666667
1756,51,56.86
1757,8,6.973333333333334
1758,108,100.16666666666667
1759,65,63.983333333333334
1760,374,495.85333333333335
1761,355,224.55777777777777
1762,11,7.863333333333333
1763,170,173.59333333333333
1764,303,459.98
1765,586,675.52
1766,419,405.9766666666667
1767,46,53.91
1768,5,45.78
1769,626,455.8951111111111
1770,366,391.6566666666667
1771,93,142.13
1772,554,322.98333333333335
1773,32,32.60666666666667
1774,24,56.38666666666666
1775,15,23.923333333333332
1776,100,158.46333333333334
1777,785,604.6333333333333
1778,83,128.75666666666666
1779,47,35.276666666666664
1780,54,66.81666666666666
1781,239,228.22666666666666
1782,817,524.4333333333333
1783,403,316.39666666666665
1784,572,468.7966666666667
1785,150,152.12666666666667
1786,6,6.783333333333333
1787,17,24.743333333333332
1788,809,322.5733333333333
1789,78,82.38666666666667
1790,16,42.943333333333335
1791,104,85.65333333333334
1792,58,68.37333333333333
1793,7,55.52
1794,143,196.56333333333333
1795,358,159.0
1796,312,171.94666666666666
1797,423,253.86333333333334
1798,4,4.55
1799,180,251.98333333333332
1800,379,313.62
1801,178,135.92
1802,456,205.61333333333334
1803,290,273.99333333333334
1804,1,4.38
1805,260,167.45
1806,127,194.62333333333333
1807,9,7.823333333333333
1808,36,82.97666666666667
1809,2,9.756666666666666
1810,74,87.60333333333334
1811,352,300.76
1812,839,722.1166666666667
1813,13,14.326666666666666
1814,121,73.85333333333334
1815,126,107.05666666666667
1816,6,9.573333333333334
1817,8,12.601111111111111
1818,100,93.32333333333334
1819,128,178.26333333333332
1820,656,597.88
1821,22,36.736666666666665
1822,8,16.83
1823,363,369.84
1824,160,201.38666666666666
1825,179,339.18666666666667
1826,466,611.49
1827,154,123.29666666666667
1828,631,508.1
1829,2,5.44
1830,217,194.43
1831,186,139.38
1832,105,226.34666666666666
1833,106,149.82333333333332
1834,609,441.0233333333333
1835,10,11.483333333333333
1836,285,251.23333333333332
1837,595,463.8933333333333
1838,51,71.03333333333333
1839,316,359.49
1840,36,41.13
1841,89,124.77
1842,203,221.10333333333332
1843,65,117.58
1844,128,167.13333333333333
1845,178,230.60333333333332
1846,173,152.93333333333334
1847,103,170.28666666666666
1848,184,140.69
1849,114,160.17
1850,71,38.95
1851,20,72.08
1852,24,65.54666666666667
1853,97,109.88666666666667
1854,7,8.753333333333334
1855,623,533.2766666666666
1856,175,220.5
1857,374,368.1566666666667
1858,57,77.74333333333334
1859,108,130.86333333333334
1860,222,238.04
1861,862,653.0533333333333
1862,301,261.25333333333333
1863,126,130.17666666666668
1864,60,83.55666666666667
1865,48,94.66666666666667
1866,83,64.28
1867,137,212.62666666666667
1868,218,188.04666666666665
1869,17,9.523333333333333
1870,7,6.726666666666667
1871,148,178.22666666666666
1872,348,286.98333333333335
1873,204,125.40333333333334
1874,23,29.823333333333334
1875,114,131.35
1876,260,229.28
1877,1,29.71
1878,429,622.8233333333334
1879,160,102.78333333333333
1880,8,12.356666666666667
1881,120,182.19333333333333
1882,238,265.02
1883,313,343.2266666666667
1884,359,482.03333333333336
1885,21,128.61666666666667
1886,92,141.66
1887,239,169.61
1888,76,120.86666666666666
1889,11,24.64666666666667
1890,206,309.8666666666667
1891,194,176.95666666666668
1892,229,205.51
1893,127,164.50666666666666
1894,2,5.886666666666667
1895,92,140.67333333333335
1896,24,65.8
1897,110,158.79
1898,143,178.8
1899,263,256.88666666666666
1900,18,28.093333333333334
1901,529,445.7366666666667
1902,426,371.82666666666665
1903,272,281.89
1904,77,113.95
1905,20,30.046666666666667
1906,24,32.54
1907,14,16.116666666666667
1908,152,195.95
1909,409,507.23
1910,153,198.46
1911,15,19.403333333333332
1912,397,225.69
1913,41,19.38
1914,84,74.88666666666667
1915,29,43.86333333333334
1916,29,33.70333333333333
1917,632,466.74
1918,134,177.81
1919,504,466.49333333333334
1920,23,26.356666666666666
1921,6,8.12
1922,109,112.13666666666667
1923,165,249.49333333333334
1924,196,245.48
1925,195,279.4533333333333
1926,162,249.54
1927,158,234.34666666666666
1928,258,246.15666666666667
1929,476,429.8833333333333
1930,7,10.323333333333334
1931,49,37.526666666666664
1932,135,119.02666666666667
1933,347,462.3233333333333
1934,303,250.24666666666667
1935,274,387.61333333333334
1936,149,256.98333333333335
1937,5,10.436666666666667
1938,126,129.49
1939,26,133.75333333333333
1940,5,5.27
1941,261,314.52666666666664
1942,40,48.166666666666664
1943,7,30.203333333333333
1944,280,196.88
1945,105,175.20666666666668
1946,18,8.406666666666666
1947,55,215.43333333333334
1948,183,249.26333333333332
1949,133,94.19333333333333
1950,27,22.29
1951,38,101.68
1952,437,355.65
1953,212,213.60333333333332
1954,328,494.5733333333333
1955,15,9.983333333333333
1956,3,2.605
1957,74,106.20333333333333
1958,16,17.846666666666668
1959,207,260.3933333333333
1960,29,24.143333333333334
1961,212,216.59333333333333
1962,288,231.63333333333333
1963,5,9.98
1964,354,178.13333333333333
1965,697,641.8633333333333
1966,190,246.45
1967,6,12.33
1968,121,128.55666666666667
1969,15,14.93
1970,95,146.3
1971,193,224.02
1972,482,571.31
1973,274,270.3466666666667
1974,27,21.163333333333334
1975,5,6.546666666666667
1976,32,38.053333333333335
1977,245,156.62
1978,436,308.82666666666665
1979,287,249.64666666666668
1980,123,131.85333333333332
1981,9,7.723333333333334
1982,247,315.2133333333333
1983,30,98.99333333333334
1984,5,6.03
1985,1,8.766666666666667
1986,153,160.01666666666668
1987,254,313.7033333333333
1988,97,80.22
1989,188,165.28
1990,190,174.30333333333334
1991,36,62.733333333333334
1992,582,575.4533333333334
1993,96,80.14666666666666
1994,28,20.69
1995,7,8.006666666666666
1996,108,98.79333333333334
1997,263,262.9766666666667
1998,197,269.7033333333333
1999,197,129.28666666666666
2000,232,267.93333333333334
2001,31,38.12
2002,13,28.02
2003,30,34.36666666666667
2004,23,43.07666666666667
2005,389,239.63666666666666
2006,85,86.35
2007,181,186.06333333333333
2008,101,139.9661111111111
2009,719,631.41
2010,390,533.2066666666667
2011,541,454.04333333333335
2012,104,72.79
2013,317,236.67333333333335
2014,45,72.05333333333333
2015,32,69.0
2016,12,31.123333333333335
2017,539,463.96666666666664
2018,3,6.84
2019,110,317.8833333333333
2020,173,170.91
2021,14,7.806666666666667
2022,205,349.79
2023,21,22.206666666666667
2024,21,22.973333333333333
2025,261,247.74666666666667
2026,107,113.77666666666667
2027,28,20.53
2028,291,339.21666666666664
2029,161,202.45
2030,105,99.16666666666667
2031,101,181.61
2032,126,153.44
2033,434,332.22333333333336
2034,90,179.66
2035,185,225.47
2036,153,147.60666666666665
2037,11,14.07
2038,332,249.02666666666667
2039,141,167.18
2040,12,9.18
2041,6,7.58
2042,8,54.986666666666665
2043,182,98.17666666666666
2044,209,205.60666666666665
2045,19,18.68
2046,133,163.32333333333332
2047,388,319.30333333333334
2048,80,72.97
2049,84,48.193333333333335
2050,113,95.86333333333333
2051,555,401.1766666666667
2052,347,357.28333333333336
2053,128,184.59333333333333
2054,967,781.3466666666667
2055,217,219.44
2056,103,184.28
2057,114,169.27
2058,207,268.37333333333333
2059,316,254.03666666666666
2060,173,249.07
2061,3,5.8
2062,63,66.57333333333334
2063,899,674.0366666666666
2064,218,153.71666666666667
2065,141,204.80333333333334
2066,38,28.44333333333333
2067,798,515.3533333333334
2068,7,19.573333333333334
2069,758,582.6633333333333
2070,453,353.7133333333333
2071,30,17.75
2072,32,82.72
2073,471,289.36
2074,79,139.87
2075,431,317.48
2076,233,98.20333333333333
2077,132,286.25
2078,178,183.86666666666667
2079,124,69.88333333333334
2080,263,196.68
2081,37,48.28
2082,2,9.246666666666666
2083,564,560.11
2084,42,27.303333333333335
2085,196,210.53
2086,243,301.0733333333333
2087,502,606.2433333333333
2088,515,422.69
2089,24,78.55333333333333
2090,64,73.71333333333334
2091,2,3.6766666666666667
2092,11,29.89666666666667
2093,278,297.9
2094,376,318.91
2095,209,267.8666666666667
2096,173,182.64
2097,242,212.25
2098,27,25.37
2099,283,397.1
2100,99,187.23333333333332
2101,522,432.1433333333333
2102,90,82.19666666666667
2103,40,36.43666666666667
2104,77,66.92
2105,432,429.8933333333333
2106,168,157.31666666666666
2107,447,319.7
2108,5,7.096666666666667
2109,72,73.37333333333333
2110,7,5.733333333333333
2111,134,185.23888888888888
2112,40,48.123333333333335
2113,11,10.423333333333334
2114,94,106.26333333333334
2115,241,223.03333333333333
2116,158,250.3
2117,29,132.90333333333334
2118,126,154.96666666666667
2119,21,54.8
2120,449,368.7733333333333
2121,582,420.69
2122,46,104.61666666666666
2123,4,3.87
2124,47,53.983333333333334
2125,131,185.64666666666668
2126,291,498.5566666666667
2127,43,36.68666666666667
2128,21,20.006666666666668
2129,408,287.12666666666667
2130,115,172.45666666666668
2131,220,207.26
2132,31,60.803333333333335
2133,408,426.85333333333335
2134,11,10.873333333333333
2135,310,447.22
2136,62,68.31333333333333
2137,148,264.61333333333334
2138,87,81.01
2139,64,128.12666666666667
2140,100,218.98
2141,107,170.62
2142,419,281.3433333333333
2143,217,244.98666666666668
2144,4,5.883333333333334
2145,30,27.733333333333334
2146,5,13.456666666666667
2147,235,293.46666666666664
2148,3,1.8833333333333333
2149,179,215.45666666666668
2150,91,65.81
2151,110,190.30666666666667
2152,4,3.08
2153,93,97.37
2154,235,158.29666666666665
2155,151,110.50666666666666
2156,266,238.37666666666667
2157,835,703.04
2158,327,369.07
2159,254,174.85
2160,112,86.38
2161,28,58.38333333333333
2162,596,533.0533333333333
2163,253,227.81333333333333
2164,15,17.033333333333335
2165,299,275.78333333333336
2166,16,12.746666666666666
2167,337,352.18
2168,63,77.64
2169,197,178.38
2170,213,267.9533333333333
2171,268,320.3833333333333
2172,3,17.86
2173,11,6.01
2174,23,16.88
2175,512,415.18666666666667
2176,455,525.2266666666667
2177,15,11.883333333333333
2178,5,5.5633333333333335
2179,460,285.3233333333333
2180,340,343.8566666666667
2181,326,351.1566666666667
2182,253,421.99
2183,69,71.22666666666667
2184,320,329.03333333333336
2185,5,3.96
2186,638,526.84
2187,122,105.99333333333334
2188,33,74.46333333333334
2189,193,140.04666666666665
2190,248,174.53
2191,3,24.286666666666665
2192,263,285.87666666666667
2193,15,35.68
2194,40,35.26
2195,256,431.51666666666665
2196,181,155.05666666666667
2197,12,31.55
2198,5,8.526666666666667
2199,148,159.39
2200,5,14.05
2201,26,88.85666666666667
2202,4,8.483333333333333
2203,145,267.28333333333336
2204,285,263.31666666666666
2205,435,424.72333333333336
2206,219,141.89
2207,46,74.70666666666666
2208,218,258.93666666666667
2209,57,119.85
2210,129,159.09666666666666
2211,5,7.13
2212,25,32.443333333333335
2213,616,324.77666666666664
2214,710,507.75333333333333
2215,204,234.87666666666667
2216,702,655.7466666666667
2217,26,78.38666666666667
2218,222,255.6963333333333
2219,524,616.9733333333334
2220,331,483.2033333333333
2221,59,31.05
2222,827,664.1666666666666
2223,250,148.63333333333333
2224,255,428.58
2225,453,419.64666666666665
2226,301,211.76333333333332
2227,117,136.49333333333334
2228,512,178.57666666666665
2229,19,10.5
2230,371,352.51666666666665
2231,556,526.7466666666667
2232,13,8.903333333333334
2233,472,266.82666666666665
2234,118,88.92333333333333
2235,261,224.62
2236,371,540.9
2237,198,176.06333333333333
2238,14,104.43
2239,32,48.096666666666664
2240,377,452.02666666666664
2241,698,482.25
2242,31,52.64
2243,582,574.9366666666666
2244,416,383.8833333333333
2245,13,9.57
2246,138,170.11666666666667
2247,13,23.99
2248,345,390.18333333333334
2249,26,33.623333333333335
2250,2,4.9
2251,215,171.22333333333333
2252,225,173.44
2253,359,169.51666666666668
2254,55,84.9
2255,132,150.46666666666667
2256,76,76.29333333333334
2257,123,144.42333333333335
2258,16,51.41
2259,691,673.2066666666667
2260,216,177.88
2261,19,34.42333333333333
2262,13,12.576666666666666
2263,523,587.14
2264,104,121.87
2265,276,228.52
2266,450,381.29
2267,464,234.34
2268,390,404.4766666666667
2269,2,22.123333333333335
2270,238,220.38666666666666
2271,4,21.716666666666665
2272,103,59.943333333333335
2273,2,2.52
2274,164,89.68
2275,190,147.43666666666667
2276,566,424.8066666666667
2277,67,153.44
2278,172,196.79
2279,537,512.5066666666667
2280,107,138.63
2281,427,184.65
2282,349,280.1333333333333
2283,202,337.5466666666667
2284,249,249.00333333333333
2285,34,27.35
2286,9,15.943333333333333
2287,149,161.22
2288,317,264.7866666666667
2289,135,130.83333333333334
2290,175,188.4
2291,4,5.193333333333333
2292,3,9.443333333333333
2293,248,162.51
2294,72,76.06333333333333
2295,93,66.12333333333333
2296,334,305.76
2297,256,196.62
2298,449,427.06333333333333
2299,4,8.053333333333333
2300,244,236.64333333333335
2301,207,188.95333333333335
2302,100,55.96333333333333
2303,12,10.12
2304,658,428.3233333333333
2305,420,557.4233333333333
2306,55,67.47333333333333
2307,74,37.78666666666667
2308,33,43.766666666666666
2309,452,559.58
2310,14,23.036666666666665
2311,297,237.63
2312,68,109.12
2313,580,553.1233333333333
2314,261,177.62333333333333
2315,135,97.06333333333333
2316,466,254.86333333333334
2317,2,3.3066666666666666
2318,25,27.176666666666666
2319,315,289.85
2320,253,336.2966666666667
2321,182,288.00533333333334
2322,492,297.8666666666667
2323,5,4.25
2324,369,202.10333333333332
2325,156,212.76
2326,276,249.89333333333335
2327,34,67.63
2328,6,5.66
2329,41,26.243333333333332
2330,169,241.71333333333334
2331,370,390.3
2332,201,153.53666666666666
2333,302,248.25666666666666
2334,464,390.1433333333333
2335,176,181.61333333333334
2336,102,232.87
2337,53,93.18666666666667
2338,54,77.85666666666667
2339,73,138.11444444444442
2340,31,58.306666666666665
2341,80,99.57
2342,591,574.91
2343,43,29.143333333333334
2344,93,107.04333333333334
2345,157,230.82666666666665
2346,145,144.18666666666667
2347,211,201.60333333333332
2348,155,129.73
2349,8,9.496666666666666
2350,356,316.91
2351,228,206.69
2352,608,731.1866666666666
2353,474,568.0266666666666
2354,108,81.47666666666667
2355,276,254.64888888888885
2356,70,69.54666666666667
2357,201,200.78
2358,2,9.79
2359,391,429.9766666666667
2360,215,176.8
2361,3,6.863333333333333
2362,179,247.41
2363,109,134.36333333333334
2364,523,367.99333333333334
2365,171,157.85333333333332
2366,108,146.96666666666667
2367,82,84.18333333333334
2368,83,68.88666666666667
2369,6,6.0705
2370,21,51.0
2371,341,215.75333333333333
2372,211,236.39333333333335
2373,109,176.51
2374,147,168.40333333333334
2375,167,219.35
2376,15,11.403333333333334
2377,75,117.03666666666666
2378,281,252.87333333333333
2379,330,275.4633333333333
2380,610,590.55
2381,124,173.53
2382,141,165.25
2383,603,520.1866666666666
2384,385,322.22333333333336
2385,7,19.68
2386,311,229.21
2387,457,656.9666666666667
2388,13,46.41
2389,295,223.74333333333334
2390,133,182.11333333333334
2391,37,199.72333333333333
2392,839,665.3666666666667
2393,105,161.25
2394,220,220.90333333333334
2395,223,226.65
2396,56,67.44333333333333
2397,112,126.4
2398,122,175.36333333333334
2399,424,302.71666666666664
2400,14,10.21
2401,281,278.99
2402,240,229.73666666666668
2403,80,113.82333333333334
2404,1,2.8933333333333335
2405,314,176.99166666666667
2406,44,86.74666666666667
2407,28,72.73666666666666
2408,38,50.88333333333333
2409,28,36.096666666666664
2410,528,391.7633333333333
2411,197,182.745
2412,76,95.39333333333333
2413,176,191.68333333333334
2414,102,68.75333333333333
2415,290,244.71666666666667
2416,7,11.33
2417,254,217.92333333333335
2418,204,232.42
2419,245,212.05
2420,6,8.273333333333333
2421,82,72.43333333333334
2422,14,8.84
2423,530,791.5133333333333
2424,17,23.08
2425,3,2.283333333333333
2426,298,332.67333333333335
2427,162,111.16666666666667
2428,610,552.7633333333333
2429,263,199.42333333333335
2430,208,193.97
2431,237,205.82666666666665
2432,280,333.4533333333333
2433,19,23.173333333333332
2434,4,23.033333333333335
2435,5,6.306666666666667
2436,104,138.37
2437,5,6.426666666666667
2438,204,202.86
2439,248,336.7633333333333
2440,1,5.986666666666666
2441,106,149.79666666666665
2442,329,284.13666666666666
2443,386,368.59
2444,5,6.03
2445,115,160.16
2446,129,128.57
2447,106,124.77
2448,69,88.38666666666667
2449,6,13.9
2450,3,15.693333333333333
2451,211,198.79666666666665
2452,52,55.663333333333334
2453,64,81.05666666666667
2454,15,10.653333333333334
2455,501,377.98
2456,8,17.003333333333334
2457,98,137.22333333333333
2458,68,82.55333333333333
2459,334,231.65833333333333
2460,250,458.81666666666666
2461,169,262.27
2462,214,234.42
2463,6,21.933333333333334
2464,75,51.0
2465,311,329.0133333333333
2466,6,5.366666666666666
2467,148,225.0
2468,156,277.87333333333333
2469,32,32.75666666666667
2470,714,653.4233333333333
2471,241,205.50333333333333
2472,21,15.026666666666667
2473,326,276.26
2474,2,8.396666666666667
2475,153,185.99333333333334
2476,402,285.4766666666667
2477,681,567.0483333333333
2478,54,298.88
2479,174,300.94666666666666
2480,266,244.77333333333334
2481,1,7.066666666666666
2482,79,90.68
2483,321,315.72
2484,157,167.10666666666665
2485,260,274.84
2486,347,393.80333333333334
2487,131,127.38333333333334
2488,167,342.23333333333335
2489,14,39.053333333333335
2490,46,145.08
2491,3,2.453333333333333
2492,39,39.53333333333333
2493,94,127.92333333333333
2494,3,4.883333333333334
2495,44,30.27
2496,2,16.226666666666667
2497,48,95.02
2498,62,84.92
2499,105,106.35666666666667
2500,367,457.9066666666667
2501,458,361.89666666666665
2502,238,166.80333333333334
2503,312,315.9766666666667
2504,55,71.87
2505,97,131.81
2506,493,538.1233333333333
2507,129,76.57666666666667
2508,134,421.15
2509,6,6.87
2510,689,406.08
2511,292,419.12
2512,6,11.15
2513,311,426.19
2514,8,15.836666666666666
2515,330,427.6333333333333
2516,158,199.42333333333335
2517,154,241.32333333333332
2518,11,15.346666666666666
2519,144,250.21
2520,465,501.9266666666667
2521,495,305.72333333333336
2522,166,177.30666666666667
2523,71,96.51333333333334
2524,308,385.91333333333336
2525,5,4.1433333333333335
2526,291,216.67666666666668
2527,310,397.36333333333334
2528,167,287.45
2529,119,170.87333333333333
2530,791,679.47
2531,34,60.97666666666667
2532,62,52.22666666666667
2533,20,39.79333333333334
2534,275,345.01666666666665
2535,216,263.12
2536,98,124.25666666666666
2537,7,5.216666666666667
2538,161,189.12
2539,61,105.25
2540,148,120.05333333333333
2541,372,267.86
2542,24,37.343333333333334
2543,15,23.046666666666667
2544,3,11.763333333333334
2545,217,300.72
2546,327,265.89
2547,89,105.99
2548,14,17.26
2549,8,6.101333333333334
2550,36,27.326666666666668
2551,451,572.8666666666667
2552,358,412.7866666666667
2553,11,8.466666666666667
2554,10,6.253333333333333
2555,122,197.11333333333334
2556,285,400.59
2557,276,270.21666666666664
2558,593,790.5733333333334
2559,621,601.4266666666666
2560,132,125.07
2561,39,67.40333333333334
2562,172,134.26333333333332
2563,59,116.41
2564,51,54.49
2565,326,516.85
2566,23,8.64
2567,75,70.37666666666667
2568,610,533.5066666666667
2569,95,99.78
2570,248,145.96666666666667
2571,315,319.6066666666667
2572,81,114.00333333333333
2573,28,49.88
2574,237,206.86
2575,241,428.6166666666667
2576,63,96.02666666666667
2577,243,322.5933333333333
2578,76,147.65666666666667
2579,36,47.53666666666667
2580,231,407.33666666666664
2581,398,440.27666666666664
2582,428,670.1275
2583,385,415.03
2584,32,80.30333333333333
2585,7,10.973333333333333
2586,213,245.31333333333333
2587,242,154.46
2588,137,185.31666666666666
2589,194,218.28333333333333
2590,109,101.99333333333334
2591,100,147.97
2592,229,136.41333333333333
2593,747,651.0066666666667
2594,194,140.73666666666668
2595,323,342.17
2596,135,167.19333333333333
2597,241,210.37666666666667
2598,41,58.50333333333333
2599,9,7.72
2600,5,5.583333333333333
2601,3,5.1866666666666665
2602,9,9.206666666666667
2603,347,470.31333333333333
2604,161,194.25333333333333
2605,6,4.253333333333333
2606,127,155.14666666666668
2607,542,405.36
2608,14,33.486666666666665
2609,424,314.74666666666667
2610,214,150.77666666666667
2611,4,12.733333333333333
2612,125,146.44666666666666
2613,26,64.00666666666666
2614,188,275.75
2615,312,252.02
2616,72,63.166666666666664
2617,148,155.65333333333334
2618,968,712.2133333333334
2619,112,118.11
2620,167,116.05
2621,55,79.49
2622,690,461.50666666666666
2623,33,81.0
2624,5,6.153333333333333
2625,34,36.61333333333334
2626,13,14.41
2627,126,162.08
2628,168,86.02333333333333
2629,231,289.02666666666664
2630,96,113.00333333333333
2631,149,352.96
2632,240,267.4266666666667
2633,95,127.94666666666667
2634,109,96.18666666666667
2635,130,166.72
2636,18,7.87
2637,97,126.68333333333334
2638,800,618.25
2639,239,335.2
2640,10,16.336666666666666
2641,150,170.55
2642,492,418.9633333333333
2643,128,130.95
2644,377,316.00666666666666
2645,124,132.30333333333334
2646,101,102.86666666666666
2647,240,226.37
2648,189,201.72
2649,39,40.47
2650,183,173.64
2651,78,194.99666666666667
2652,126,148.64333333333335
2653,51,29.753333333333334
2654,199,250.83
2655,70,131.57666666666665
2656,6,4.713333333333333
2657,39,63.443333333333335
2658,214,213.11666666666667
2659,370,442.76666666666665
2660,85,99.16333333333333
2661,280,347.26
2662,179,178.79666666666665
2663,213,153.37333333333333
2664,31,28.596666666666668
2665,3,3.17
2666,50,134.51
2667,224,146.22
2668,91,68.73666666666666
2669,38,71.45
2670,55,47.223333333333336
2671,224,208.57333333333332
2672,134,161.21666666666667
2673,452,343.89666666666665
2674,154,157.21666666666667
2675,51,258.7
2676,20,24.346666666666668
2677,5,6.076666666666667
2678,33,58.02333333333333
2679,314,282.8
2680,138,163.48
2681,5,4.846666666666667
2682,202,186.78
2683,133,177.26361111111115
2684,95,80.44666666666667
2685,1,3.9633333333333334
2686,52,112.91666666666667
2687,249,259.1766666666667
2688,48,103.50666666666666
2689,171,158.88666666666666
2690,495,563.54
2691,626,288.83
2692,61,54.93
2693,361,177.79333333333332
2694,106,141.67666666666668
2695,225,365.51
2696,4,10.266666666666667
2697,121,132.38666666666666
2698,92,285.29333333333335
2699,2,6.586666666666667
2700,67,114.35333333333334
2701,644,533.2866666666666
2702,273,261.15
2703,8,35.126666666666665
2704,203,162.31333333333333
2705,316,407.6433333333333
2706,489,494.60333333333335
2707,360,460.87333333333333
2708,887,748.77
2709,18,27.116666666666667
2710,8,50.35333333333333
2711,365,313.01666666666665
2712,6,9.566666666666666
2713,171,130.40666666666667
2714,30,144.98333333333332
2715,5,8.886666666666667
2716,483,508.6766666666667
2717,604,686.3933333333333
2718,152,140.05666666666667
2719,156,160.77666666666667
2720,181,120.77
2721,102,81.64333333333333
2722,206,327.58666666666664
2723,23,43.693333333333335
2724,17,40.31333333333333
2725,499,502.24
2726,187,208.74333333333334
2727,633,480.4066666666667
2728,13,11.19
2729,17,21.974166666666665
2730,258,246.91333333333333
2731,3,9.435
2732,155,219.28333333333333
2733,32,80.41
2734,73,78.74333333333334
2735,603,446.36
2736,130,233.59333333333333
2737,654,526.91
2738,4,4.926666666666667
2739,57,74.02083333333333
2740,440,508.23333333333335
2741,537,493.15
2742,312,404.0566666666667
2743,343,321.60333333333335
2744,4,4.833333333333333
2745,40,29.05666666666667
2746,4,7.276666666666666
2747,555,538.8866666666667
2748,424,273.52
2749,358,381.2133333333333
2750,16,21.066666666666666
2751,44,40.92
2752,227,213.56666666666666
2753,90,93.02666666666667
2754,12,14.74
2755,124,177.62
2756,63,51.376666666666665
2757,2,10.37
2758,129,200.16666666666666
2759,201,179.22666666666666
2760,285,237.64
2761,279,269.87833333333333
2762,101,106.09
2763,76,73.49333333333334
2764,7,7.98
2765,282,229.99
2766,430,326.49
2767,195,233.90333333333334
2768,193,150.20666666666668
2769,65,117.77666666666667
2770,87,114.45333333333333
2771,4,8.1125
2772,250,259.26666666666665
2773,470,311.92333333333335
2774,333,395.24
2775,557,638.3266666666667
2776,853,650.9633333333334
2777,2,5.1433333333333335
2778,9,18.39
2779,333,260.68666666666667
2780,54,71.52
2781,68,76.87333333333333
2782,12,21.053333333333335
2783,363,274.79333333333335
2784,302,119.61333333333333
2785,152,209.74666666666667
2786,44,65.66
2787,164,241.53333333333333
2788,136,192.37333333333333
2789,122,123.73666666666666
2790,50,59.08
2791,9,7.236666666666666
2792,329,159.10666666666665
2793,403,310.37333333333333
2794,146,133.36666666666667
2795,211,229.75666666666666
2796,353,159.43333333333334
2797,28,27.9
2798,83,75.27
2799,157,78.46333333333334
2800,498,411.0366666666667
2801,11,20.403333333333332
2802,150,213.31
2803,6,11.996666666666666
2804,216,252.52
2805,495,280.55
2806,143,144.82333333333332
2807,262,202.44333333333333
2808,598,702.91
2809,41,31.503333333333334
2810,11,7.733333333333333
2811,31,17.39666666666667
2812,166,160.62333333333333
2813,626,460.67333333333335
2814,349,261.6166666666667
2815,121,144.36333333333334
2816,189,238.90333333333334
2817,11,33.416666666666664
2818,55,72.61333333333333
2819,223,175.01
2820,149,73.95666666666666
2821,493,370.3177777777778
2822,3,3.986666666666667
2823,233,289.78
2824,366,470.49
2825,30,15.333333333333334
2826,421,232.85666666666665
2827,452,573.4166666666666
2828,91,109.05666666666667
2829,270,255.46333333333334
2830,268,254.32
2831,15,19.25
2832,8,8.98
2833,24,27.106666666666666
2834,172,239.59333333333333
2835,36,121.50666666666666
2836,9,10.626666666666667
2837,86,78.24333333333334
2838,150,141.03
2839,19,7.72
2840,141,136.13333333333333
2841,284,391.12666666666667
2842,38,15.566666666666666
2843,527,612.4
2844,302,372.7733333333333
2845,347,515.8533333333334
2846,340,286.27666666666664
2847,12,11.893333333333333
2848,15,13.876666666666667
2849,112,143.37666666666667
2850,165,217.03666666666666
2851,204,216.37666666666667
2852,4,4.803333333333334
2853,282,88.13666666666667
2854,94,107.04666666666667
2855,161,158.51666666666668
2856,15,31.776666666666667
2857,128,141.61333333333334
2858,827,624.9866666666667
2859,108,119.96333333333334
2860,55,64.63
2861,372,626.7133333333334
2862,31,42.306666666666665
2863,6,15.15
2864,166,194.9185925925926
2865,112,100.76333333333334
2866,315,324.60333333333335
2867,245,201.59333333333333
2868,234,231.41666666666666
2869,27,173.20666666666668
2870,41,28.373333333333335
2871,359,287.99333333333334
2872,41,115.77
2873,251,348.65
2874,214,301.46
2875,10,11.43
2876,9,11.94
2877,36,24.133333333333333
2878,396,451.14
2879,147,135.93666666666667
2880,5,14.093333333333334
2881,15,12.193333333333333
2882,29,29.873333333333335
2883,58,87.47333333333333
2884,93,138.54
2885,197,215.49333333333334
2886,255,255.60333333333332
2887,425,294.96
2888,222,213.96
2889,154,171.83333333333334
2890,27,21.89666666666667
2891,116,118.94333333333333
2892,337,237.93666666666667
2893,81,104.72
2894,401,451.5233333333333
2895,140,161.35
2896,11,7.943333333333333
2897,12,8.483333333333333
2898,195,259.37333333333333
2899,708,515.3166666666667
2900,356,251.66
2901,73,61.626666666666665
2902,428,348.81333333333333
2903,204,351.9166666666667
2904,72,30.85
2905,123,130.68666666666667
2906,78,97.63
2907,196,184.52666666666667
2908,150,177.14
2909,3,5.453333333333333
2910,42,40.736666666666665
2911,259,217.96
2912,154,152.33333333333334
2913,268,413.64666666666665
2914,127,167.83666666666667
2915,55,95.54666666666667
2916,14,24.87
2917,135,117.05
2918,461,364.87333333333333
2919,137,128.11
2920,283,224.57333333333332
2921,152,289.35
2922,381,368.9
2923,354,284.9033333333333
2924,300,242.28333333333333
2925,501,249.76
2926,283,263.4166666666667
2927,29,38.1
2928,443,545.9205555555556
2929,218,137.00333333333333
2930,13,8.446666666666667
2931,323,300.8433333333333
2932,9,8.73
2933,323,172.87
2934,4,10.966666666666667
2935,151,106.59666666666666
2936,48,49.01
2937,331,293.71666666666664
2938,24,28.1
2939,321,201.12
2940,3,8.863333333333333
2941,58,89.70166666666667
2942,336,258.5
2943,118,94.62
2944,16,29.81
2945,188,275.73
2946,108,86.93
2947,6,4.863333333333333
2948,406,250.96666666666667
2949,384,453.56666666666666
2950,344,409.58666666666664
2951,41,26.4635
2952,201,191.46666666666667
2953,12,7.706666666666667
2954,140,152.71666666666667
2955,193,150.85666666666665
2956,374,373.9866666666667
2957,151,210.43
2958,790,633.685
2959,70,57.86666666666667
2960,302,329.66333333333336
2961,33,170.71
2962,209,212.05666666666667
2963,318,351.9633333333333
2964,108,126.13
2965,57,51.406666666666666
2966,6,3.0933333333333333
2967,264,363.33
2968,719,563.4633333333334
2969,298,164.23666666666668
2970,93,307.69666666666666
2971,194,185.49666666666667
2972,468,597.9733333333334
2973,190,55.43666666666667
2974,98,136.33333333333334
2975,25,27.903333333333332
2976,292,238.24333333333334
2977,1,7.133333333333334
2978,146,154.43333333333334
2979,97,72.35333333333334
2980,231,269.26
2981,57,48.473333333333336
2982,58,197.47333333333333
2983,524,433.51
2984,27,27.673333333333332
2985,151,192.00666666666666
2986,256,217.98333333333332
2987,12,6.3533333333333335
2988,111,167.48666666666668
2989,33,73.26
2990,184,228.02
2991,60,58.153333333333336
2992,52,40.413333333333334
2993,84,117.07333333333334
2994,96,111.64
2995,125,108.87333333333333
2996,894,686.9933333333333
2997,9,17.5
2998,5,4.29
2999,305,296.73333333333335
3000,5,8.34
3001,27,22.66
3002,33,29.046666666666667
3003,142,126.94333333333333
3004,434,480.82
3005,54,52.44
3006,194,144.34
3007,11,10.003333333333334
3008,63,115.05666666666667
3009,456,508.12
3010,488,399.8566666666667
3011,305,281.6766666666667
3012,482,420.42
3013,88,151.11333333333334
3014,627,536.0066666666667
3015,88,49.38666666666666
3016,134,148.0
3017,550,467.15
3018,204,255.24666666666667
3019,6,14.976666666666667
3020,38,36.836666666666666
3021,48,42.123333333333335
3022,334,363.73
3023,110,89.64
3024,85,221.02333333333334
3025,1,2.8433333333333333
3026,416,373.39
3027,404,371.4866666666667
3028,416,358.92
3029,12,73.27
3030,145,186.99666666666667
3031,123,97.19666666666667
3032,155,220.13666666666666
3033,480,591.9666666666667
3034,224,293.85333333333335
3035,214,263.3433333333333
3036,110,108.95666666666666
3037,194,213.90833333333333
3038,164,149.05333333333334
3039,471,423.53333333333336
3040,232,243.37666666666667
3041,259,361.78333333333336
3042,62,85.1
3043,366,241.98
3044,51,129.29666666666665
3045,7,5.793333333333333
3046,82,55.36333333333334
3047,2,4.306666666666667
3048,371,308.37
3049,713,676.8566666666667
3050,371,160.58333333333334
3051,254,235.92
3052,585,310.89666666666665
3053,203,248.90666666666667
3054,401,261.7
3055,3,9.73
3056,80,107.69
3057,349,430.6433333333333
3058,416,423.2266666666667
3059,13,26.35333333333333
3060,676,430.95666666666665
3061,106,96.95
3062,16,13.413333333333334
3063,18,21.516666666666666
3064,212,160.01
3065,249,183.0
3066,114,186.63333333333333
3067,504,408.4766666666667
3068,360,423.1166666666667
3069,267,275.18
3070,106,138.22
3071,133,192.30666666666667
3072,64,115.02666666666667
3073,702,599.6966666666667
3074,204,155.72333333333333
3075,75,52.58
3076,231,188.35333333333332
3077,4,5.26
3078,52,93.18666666666667
3079,172,273.2133333333333
3080,98,117.78
3081,163,205.84333333333333
3082,15,12.766666666666667
3083,276,187.36
3084,426,379.8933333333333
3085,559,581.86
3086,169,233.08333333333334
3087,240,480.92333333333335
3088,36,30.296666666666667
3089,150,141.44666666666666
3090,274,240.75333333333333
3091,190,237.7
3092,6,5.45
3093,133,157.66333333333333
3094,175,230.91666666666666
3095,3,2.78
3096,3,4.906666666666666
3097,417,346.48333333333335
3098,3,23.65
3099,297,208.57
3100,367,471.62666666666667
3101,371,401.31
3102,72,114.63666666666667
3103,184,199.75
3104,17,9.213333333333333
3105,119,183.75333333333333
3106,199,256.26
3107,80,37.7
3108,285,265.7866666666667
3109,193,193.90666666666667
3110,181,148.0
3111,103,130.99
3112,36,34.53666666666667
3113,325,235.05
3114,4,6.516666666666667
3115,72,71.40666666666667
3116,456,618.8135555555555
3117,114,103.63666666666667
3118,159,141.26
3119,36,32.486666666666665
3120,167,214.37666666666667
3121,11,8.866666666666667
3122,11,5.873333333333333
3123,466,474.4533333333333
3124,50,74.34583333333333
3125,258,225.65666666666667
3126,152,163.28
3127,87,78.45333333333333
3128,265,347.02666666666664
3129,145,139.09666666666666
3130,398,510.9166666666667
3131,19,13.23
3132,3,7.483333333333333
3133,85,183.06333333333333
3134,4,13.696666666666667
3135,14,14.426666666666666
3136,222,260.77666666666664
3137,18,112.57166666666667
3138,250,245.68666666666667
3139,504,466.07666666666665
3140,11,13.586666666666666
3141,388,731.26
3142,411,525.2233333333334
3143,514,561.23
3144,136,306.4866666666667
3145,344,121.99666666666667
3146,55,79.04333333333334
3147,120,205.57
3148,298,205.4
3149,104,102.59333333333333
3150,938,780.57
3151,15,29.05
3152,466,633.4266666666666
3153,179,139.11
3154,101,134.26666666666668
3155,7,8.016666666666667
3156,385,363.42466666666667
3157,177,213.90666666666667
3158,160,211.77333333333334
3159,30,43.63333333333333
3160,170,191.94
3161,388,232.02366666666663
3162,42,50.06
3163,347,437.24666666666667
3164,44,44.346666666666664
3165,17,13.53
3166,323,276.66333333333336
3167,381,274.71666666666664
3168,4,2.3666666666666667
3169,389,445.95666666666665
3170,164,213.15
3171,130,205.39666666666668
3172,299,277.6
3173,557,692.7833333333333
3174,186,193.30666666666667
3175,267,288.86333333333334
3176,225,209.00666666666666
3177,3,10.69
3178,306,382.3433333333333
3179,11,133.15
3180,16,5.6033333333333335
3181,128,154.11333333333334
3182,20,23.34
3183,157,210.33333333333334
3184,113,165.31
3185,208,165.52
3186,141,134.63666666666666
3187,75,86.94666666666667
3188,812,657.5533333333333
3189,27,61.513333333333335
3190,19,19.753333333333334
3191,710,531.1633333333333
3192,143,150.93666666666667
3193,84,31.363333333333333
3194,3,3.1433333333333335
3195,54,73.65333333333334
3196,113,171.30333333333334
3197,38,72.12
3198,680,633.65
3199,35,60.04333333333334
3200,224,523.2233333333334
3201,172,137.51666666666668
3202,547,342.52
3203,207,266.5366666666667
3204,141,93.22333333333333
3205,402,332.4066666666667
3206,253,340.37
3207,5,16.16
3208,132,121.72666666666667
3209,170,191.19333333333333
3210,362,352.3566666666667
3211,13,9.27
3212,271,370.75333333333333
3213,214,253.15666666666667
3214,513,448.45
3215,335,438.24666666666667
3216,201,218.96333333333334
3217,282,350.62
3218,230,233.97666666666666
3219,416,523.43
3220,47,40.10666666666667
3221,334,388.41
3222,210,137.99666666666667
3223,8,5.203333333333333
3224,443,440.38666666666666
3225,89,154.05
3226,76,138.1775
3227,343,236.53
3228,408,282.53333333333336
3229,46,39.62
3230,13,27.68
3231,238,202.80333333333334
3232,1,2.3266666666666667
3233,7,6.826666666666667
3234,360,264.75750000000005
3235,3,6.873333333333333
3236,10,6.79
3237,6,7.023333333333333
3238,108,70.12666666666667
3239,824,651.1433333333333
3240,71,87.69333333333333
3241,500,318.65
3242,95,124.7
3243,171,136.41333333333333
3244,261,206.26
3245,221,240.79
3246,107,130.73
3247,67,68.88666666666667
3248,74,88.01666666666667
3249,64,72.79333333333334
3250,4,30.326666666666668
3251,205,236.63666666666666
3252,135,149.03
3253,268,261.35333333333335
3254,46,51.47
3255,365,504.15
3256,278,213.61
3257,488,365.6433333333333
3258,578,478.87
3259,281,241.60333333333332
3260,161,148.47
3261,258,207.54333333333332
3262,6,6.183333333333334
3263,544,601.6566666666666
3264,19,38.723333333333336
3265,235,193.30333333333334
3266,65,49.50666666666667
3267,125,149.58
3268,12,9.953333333333333
3269,539,675.2266666666667
3270,26,92.99
3271,285,316.56333333333333
3272,256,162.16333333333333
3273,24,23.836666666666666
3274,291,238.12666666666667
3275,371,553.1733333333333
3276,239,229.98333333333332
3277,113,83.61333333333333
3278,13,47.193333333333335
3279,222,102.99333333333334
3280,46,136.46333333333334
3281,6,52.42666666666667
3282,111,135.29333333333332
3283,17,20.986666666666668
3284,276,362.6766666666667
3285,922,726.5366666666666
3286,216,202.60666666666665
3287,71,71.37
3288,298,215.79
3289,86,65.90666666666667
3290,21,90.31333333333333
3291,346,222.19
3292,11,25.315
3293,30,41.52
3294,288,239.74333333333334
3295,16,27.41
3296,90,75.00666666666666
3297,672,582.8433333333334
3298,35,58.903333333333336
3299,25,24.98
3300,173,204.83
3301,382,226.57666666666665
3302,18,16.44
3303,274,183.30333333333334
3304,151,111.85
3305,15,13.866666666666667
3306,116,88.25
3307,159,207.55666666666667
3308,156,217.79666666666665
3309,28,31.496666666666666
3310,288,286.52666666666664
3311,135,363.52
3312,500,416.49
3313,219,256.74
3314,274,234.72333333333333
3315,16,17.3
3316,198,204.54
3317,104,108.75
3318,559,462.9866666666667
3319,957,685.59
3320,64,76.205
3321,330,383.91
3322,77,64.97666666666667
3323,306,244.34333333333333
3324,6,8.48
3325,113,142.81333333333333
3326,291,333.91
3327,308,360.86
3328,45,52.02333333333333
3329,221,327.13
3330,498,391.7033333333333
3331,484,381.54333333333335
3332,111,178.07
3333,191,163.66333333333333
3334,538,429.48
3335,776,673.86
3336,251,227.46
3337,82,112.13333333333334
3338,182,160.03666666666666
3339,6,10.063333333333333
3340,331,520.76
3341,110,136.17
3342,213,233.24333333333334
3343,206,203.74
3344,66,97.47666666666667
3345,31,36.03666666666667
3346,289,216.85333333333332
3347,123,195.3
3348,177,212.78
3349,181,150.04666666666665
3350,15,12.02
3351,3,4.923333333333333
3352,86,69.46166666666667
3353,103,143.72
3354,225,154.53666666666666
3355,169,197.60333333333332
3356,131,210.28666666666666
3357,169,162.4
3358,251,341.95666666666665
3359,461,278.0733333333333
3360,186,142.58
3361,2,7.27
3362,15,25.033333333333335
3363,99,125.79333333333334
3364,32,29.08
3365,321,168.77
3366,483,564.8
3367,196,234.40555555555554
3368,85,80.96
3369,426,534.3333333333334
3370,101,184.15333333333334
3371,228,168.13333333333333
3372,283,236.75
3373,229,220.99666666666667
3374,80,116.61333333333333
3375,287,220.84666666666666
3376,121,348.45
3377,78,84.91
3378,7,5.903333333333333
3379,92,148.53333333333333
3380,470,480.36
3381,6,12.243333333333334
3382,214,184.06
3383,116,115.71
3384,402,409.19
3385,543,552.8766666666667
3386,62,62.81
3387,2,5.77
3388,3,9.826666666666666
3389,82,142.72
3390,314,350.85
3391,36,30.086666666666666
3392,228,227.56666666666666
3393,35,78.45666666666666
3394,285,459.2366666666667
3395,26,63.07333333333333
3396,3,8.886666666666667
3397,264,161.34666666666666
3398,116,119.83
3399,125,93.18
3400,65,91.73666666666666
3401,147,149.67666666666668
3402,109,91.69
3403,154,143.84666666666666
3404,106,114.54
3405,251,250.32333333333332
3406,298,287.24
3407,71,66.62666666666667
3408,499,572.5466666666666
3409,54,95.04666666666667
3410,179,121.04
3411,158,113.21666666666667
3412,229,179.07333333333332
3413,15,26.836666666666666
3414,33,40.9
3415,67,108.09
3416,327,274.37333333333333
3417,305,390.23333333333335
3418,19,11.446666666666667
3419,95,254.0
3420,7,6.87
3421,83,152.28
3422,378,238.96
3423,33,42.153333333333336
3424,7,5.583333333333333
3425,236,235.18
3426,378,492.81
3427,337,325.7866666666667
3428,416,419.97
3429,118,121.85666666666667
3430,41,47.88333333333333
3431,9,9.793333333333333
3432,159,211.14666666666668
3433,39,64.88
3434,564,638.1066666666667
3435,58,153.95666666666668
3436,28,47.17333333333333
3437,2,11.073333333333334
3438,151,118.88333333333334
3439,235,270.45
3440,115,211.27666666666667
3441,457,539.7466666666667
3442,133,138.99
3443,87,117.95333333333333
3444,617,558.2266666666667
3445,52,67.78666666666666
3446,9,6.556333333333334
3447,350,226.81666666666666
3448,68,47.513333333333335
3449,727,630.6133333333333
3450,482,381.85333333333335
3451,173,158.61
3452,16,22.56
3453,198,277.69
3454,8,8.03
3455,326,280.33666666666664
3456,141,193.50666666666666
3457,674,450.1433333333333
3458,85,173.20333333333335
3459,199,262.1333333333333
3460,191,243.90333333333334
3461,86,165.85666666666665
3462,448,339.6333333333333
3463,157,187.26
3464,45,100.12
3465,585,503.29
3466,253,205.02333333333334
3467,46,43.11
3468,104,78.84666666666666
3469,22,26.473333333333333
3470,126,149.79
3471,3,6.6033333333333335
3472,3,6.256666666666667
3473,67,106.70666666666666
3474,394,515.2966666666666
3475,100,129.08
